id,suhu,kelembapan,gas,waktu
1,29.8,67,694,58:02.4
2,29.8,67,687,58:06.3
3,29.8,67,702,58:11.4
4,29.8,67,683,58:16.6
5,29.8,67,675,58:21.4
6,29.8,67,690,58:26.5
7,29.8,67,672,58:31.5
8,29.8,67,682,58:36.7
9,29.8,67,745,58:41.7
10,29.8,67,698,58:46.6
11,29.8,67,667,58:51.6
12,29.8,67,699,58:56.6
13,29.8,67,693,59:01.6
14,29.8,67,688,59:06.8
15,29.8,67,710,59:11.8
16,29.8,67,687,59:16.8
17,29.8,67,673,59:21.9
18,29.8,67,689,59:27.2
19,29.8,67,656,59:31.8
20,29.8,67,676,59:36.9
21,29.8,67,685,59:41.8
22,29.8,68,679,59:46.9
23,29.8,68,684,59:52.0
24,29.8,68,659,59:56.9
25,29.8,68,659,00:02.1
26,29.8,68,677,00:06.9
27,29.8,67,657,00:12.1
28,29.8,67,672,00:17.1
29,29.8,67,662,00:22.2
30,29.8,67,670,00:27.1
31,29.8,67,655,00:32.1
32,29.8,67,699,00:37.3
33,29.8,67,674,00:42.2
34,29.8,67,719,00:47.2
35,29.8,67,677,00:52.2
36,29.8,67,671,00:57.5
37,29.8,68,675,01:02.3
38,29.8,68,681,01:07.5
39,29.8,68,678,01:12.4
40,29.8,68,689,01:17.3
41,29.8,68,663,01:22.3
42,29.8,68,666,01:27.3
43,29.8,68,687,01:32.4
44,29.8,67,657,01:37.5
45,29.7,67,677,01:42.5
46,29.7,67,682,01:47.6
47,29.7,67,725,01:52.5
48,29.7,67,657,01:57.5
49,29.7,67,731,02:02.5
50,29.7,67,674,02:07.8
51,29.7,67,656,02:12.7
52,29.7,67,674,02:17.8
53,29.7,67,690,02:22.7
54,29.6,67,667,02:27.8
55,29.6,67,672,02:32.9
56,29.6,67,663,02:37.9
57,29.6,67,658,02:42.7
58,29.6,67,638,02:47.9
59,29.6,67,656,02:52.8
60,29.6,67,649,02:57.9
61,29.6,67,656,03:04.4
62,29.5,67,656,03:08.0
63,29.5,67,746,03:12.9
64,29.5,67,686,03:18.0
65,29.5,68,677,03:23.1
66,29.5,68,679,03:28.1
67,29.5,68,658,03:33.0
68,29.5,68,636,03:38.3
69,29.5,68,656,03:43.2
70,29.5,68,656,03:48.1
71,29.5,68,665,03:53.2
72,29.5,68,669,03:58.2
73,29.5,68,656,04:03.2
74,29.5,68,654,04:08.2
75,29.5,68,665,04:13.4
76,29.5,68,653,04:18.4
77,29.4,68,656,04:23.3
78,29.4,68,652,04:28.4
79,29.4,69,667,04:33.3
80,29.4,69,797,04:38.4
81,29.4,69,658,04:44.0
82,29.4,69,666,04:48.4
83,29.4,69,644,04:53.4
84,29.4,69,662,04:58.6
85,29.4,69,677,05:03.5
86,29.4,69,669,05:08.6
87,29.4,69,657,05:13.6
88,29.4,69,643,05:18.7
89,29.4,69,692,05:23.7
90,29.4,69,656,05:28.6
91,29.4,69,656,05:33.7
92,29.4,69,656,05:38.8
93,29.4,69,671,05:43.7
94,29.4,69,682,05:48.7
95,29.4,69,609,05:53.8
96,29.4,69,656,05:59.1
97,29.4,69,667,06:03.9
98,29.4,69,613,06:08.8
99,29.4,69,653,06:13.8
100,29.4,69,654,06:18.9
101,29.4,69,691,06:24.0
102,29.4,69,688,06:28.9
103,29.4,69,659,06:34.1
104,29.4,69,647,06:39.0
105,29.4,69,667,06:44.1
106,29.4,69,643,06:49.1
107,29.4,69,645,06:54.1
108,29.4,69,668,06:59.2
109,29.4,69,648,07:04.1
110,29.4,69,664,07:09.1
111,29.4,69,650,07:14.2
112,29.4,69,691,07:19.3
113,29.4,69,654,07:24.3
114,29.4,69,655,07:29.4
115,29.4,69,575,07:34.4
116,29.4,69,655,07:39.3
117,29.5,69,629,07:44.3
118,29.5,69,652,07:49.4
119,29.5,69,656,08:09.9
120,29.5,69,656,08:14.5
121,29.5,69,659,08:19.5
122,29.5,68,652,08:24.7
123,29.5,68,659,08:29.7
124,29.5,68,645,08:34.8
125,29.5,68,644,08:39.7
126,29.5,68,689,08:44.6
127,29.5,68,701,08:49.8
128,29.5,68,681,08:54.7
129,29.5,68,636,08:59.7
130,29.5,68,671,09:04.7
131,29.5,68,671,09:09.8
132,29.5,68,650,09:14.9
133,29.5,68,673,09:19.8
134,29.5,68,653,09:25.0
135,29.5,68,627,09:30.0
136,29.5,68,654,09:35.0
137,29.5,68,642,09:39.9
138,29.5,68,587,09:45.0
139,29.5,68,622,09:50.0
140,29.5,68,658,09:55.1
141,29.5,68,641,10:00.1
142,29.5,68,651,10:05.1
143,29.6,68,670,10:10.1
144,29.6,68,635,10:15.2
145,29.6,68,659,10:20.2
146,29.6,68,671,10:25.3
147,29.6,68,643,10:30.3
148,29.6,68,621,10:35.2
149,29.6,68,658,10:40.4
150,29.6,68,651,10:45.4
151,29.6,67,672,10:50.6
152,29.6,67,660,10:55.5
153,29.6,67,656,11:00.5
154,29.6,67,655,11:05.4
155,29.6,67,653,11:10.5
156,29.6,67,643,11:15.5
157,29.6,67,639,11:20.6
158,29.6,67,582,11:25.5
159,29.6,67,647,11:30.5
160,29.6,67,622,11:35.6
161,29.6,67,635,11:40.6
162,29.6,67,620,11:45.7
163,29.6,67,640,11:50.7
164,29.6,67,639,11:55.6
165,29.6,67,640,12:00.8
166,29.6,67,651,12:05.7
167,29.6,67,634,12:10.7
168,29.6,67,656,12:16.0
169,29.7,67,637,12:20.7
170,29.7,67,636,12:26.0
171,29.7,68,641,12:30.9
172,29.7,68,637,12:36.1
173,29.7,68,654,12:40.9
174,29.8,68,659,12:45.9
175,29.8,68,612,12:50.9
176,29.8,68,647,12:56.1
177,29.8,67,633,13:01.0
178,29.8,67,653,13:06.0
179,29.8,67,610,13:12.4
180,29.8,67,581,13:16.1
181,29.8,67,631,13:21.6
182,29.8,67,654,13:26.2
183,29.9,67,640,13:31.2
184,29.9,67,649,13:36.2
185,29.9,67,634,13:41.2
186,29.9,67,643,13:46.3
187,29.9,67,647,13:51.3
188,29.9,67,634,13:56.3
189,29.9,67,640,14:01.3
190,29.9,67,651,14:06.3
191,29.9,67,626,14:11.6
192,29.9,67,635,14:16.5
193,29.9,67,665,14:21.6
194,29.9,67,664,14:26.5
195,29.9,67,636,14:31.7
196,29.9,67,641,14:36.5
197,29.9,67,534,14:41.5
198,29.9,67,629,14:46.6
199,29.9,67,634,14:51.6
200,29.9,67,599,14:56.7
201,29.9,67,626,15:01.7
202,29.9,67,656,15:06.8
203,29.9,67,641,15:11.8
204,30,67,631,15:16.8
205,30,67,625,15:21.7
206,30,67,656,15:26.9
207,30,67,574,15:31.9
208,30,67,753,15:36.9
209,30,67,544,15:41.8
210,30,67,656,15:46.9
211,30,67,641,15:51.9
212,30,67,633,15:56.9
213,30,67,640,16:01.9
214,30,67,637,16:07.0
215,30,67,629,16:12.1
216,30,67,511,16:17.1
217,30,67,716,16:22.1
218,30,67,590,16:27.2
219,30,67,577,16:32.1
220,30,67,678,16:37.2
221,30,67,654,16:42.2
222,30,67,658,16:47.3
223,30,67,646,16:52.3
224,30,67,643,16:57.2
225,30,67,647,17:02.2
226,30,67,646,17:07.2
227,30,67,592,17:12.3
228,30,67,624,17:17.3
229,30,67,615,17:22.4
230,30,67,624,17:27.5
231,30,67,716,17:32.4
232,30,67,625,17:37.5
233,30,67,717,17:42.5
234,30.1,67,698,17:47.6
235,30.1,67,660,17:52.6
236,30.1,67,609,17:57.5
237,30.1,67,614,18:02.5
238,30.1,67,627,18:07.7
239,30.1,67,610,18:14.6
240,30.1,67,617,18:17.7
241,30.1,67,621,18:22.8
242,30.1,67,589,18:27.8
243,30.1,67,606,18:32.7
244,30.1,67,616,18:37.8
245,30.1,67,619,18:42.8
246,30.1,67,573,18:47.8
247,30.2,66,608,18:52.8
248,30.2,66,602,18:57.9
249,30.2,66,571,19:02.9
250,30.2,66,579,19:08.0
251,30.2,66,576,19:13.0
252,30.2,66,574,19:18.1
253,30.2,66,646,19:23.0
254,30.2,66,681,19:28.1
255,30.3,65,618,19:33.0
256,30.3,65,621,19:38.1
257,30.3,65,654,19:43.2
258,30.3,65,563,19:48.2
259,30.3,65,623,19:53.3
260,30.4,65,613,19:58.2
261,30.4,66,592,20:03.5
262,30.4,66,603,20:08.3
263,30.4,66,693,20:13.4
264,30.4,66,624,20:18.3
265,30.5,66,615,20:23.3
266,30.5,66,639,20:28.3
267,30.5,66,717,20:33.6
268,30.5,66,607,20:38.4
269,30.5,65,635,20:43.5
270,30.5,65,591,20:48.5
271,30.5,65,628,20:53.5
272,30.5,65,634,20:58.6
273,30.4,65,583,21:03.6
274,30.4,65,588,21:08.7
275,30.4,65,729,21:13.6
276,30.4,65,593,21:18.7
277,30.4,65,592,21:23.6
278,30.4,65,624,21:29.1
279,30.4,66,616,21:33.7
280,30.4,66,605,21:38.7
281,30.4,66,603,21:43.7
282,30.4,66,614,21:49.3
283,30.4,66,587,21:54.2
284,30.4,66,605,21:59.2
285,30.4,65,589,22:03.9
286,30.4,65,593,22:09.2
287,30.4,66,608,22:14.0
288,30.4,66,618,22:18.9
289,30.4,66,584,22:24.0
290,30.4,66,588,22:29.1
291,30.4,66,627,22:34.0
292,30.4,66,591,22:39.1
293,30.4,66,587,22:44.1
294,30.4,66,609,22:49.1
295,30.4,66,569,22:54.1
296,30.4,66,625,22:59.1
297,30.4,66,640,23:04.2
298,30.4,66,640,23:09.2
299,30.4,66,643,23:14.2
300,30.4,66,639,23:20.2
301,30.4,66,643,23:24.2
302,30.4,66,580,23:29.4
303,30.3,66,595,23:34.3
304,30.3,66,592,23:39.4
305,30.3,66,568,23:44.3
306,30.3,65,576,23:49.4
307,30.3,65,619,23:54.4
308,30.3,65,631,23:59.6
309,30.3,65,617,24:04.4
310,30.3,65,603,24:09.4
311,30.3,65,653,24:14.6
312,30.3,65,589,24:19.5
313,30.3,65,649,24:24.6
314,30.3,65,575,24:29.6
315,30.3,65,656,24:34.7
316,30.3,65,590,24:39.7
317,30.3,65,606,24:44.6
318,30.3,65,555,24:49.8
319,30.3,65,560,24:54.7
320,30.3,65,573,24:59.7
321,30.3,65,628,25:04.7
322,30.3,65,585,25:09.8
323,30.3,65,625,25:14.9
324,30.3,65,628,25:19.9
325,30.3,65,591,25:25.1
326,30.3,65,630,25:29.8
327,30.3,65,591,25:35.1
328,30.3,65,612,25:40.0
329,30.2,65,621,25:45.0
330,30.2,65,614,25:50.0
331,30.2,65,601,25:55.0
332,30.2,65,608,26:00.0
333,30.2,65,592,26:05.2
334,30.2,65,591,26:10.1
335,30.2,65,595,26:15.2
336,30.2,65,579,26:20.2
337,30.2,66,591,26:25.5
338,30.2,66,581,26:30.3
339,30.2,67,576,26:35.4
340,30.2,67,535,26:40.3
341,30.2,67,592,26:45.4
342,30.3,67,598,26:50.3
343,30.3,67,585,26:55.4
344,30.3,67,598,27:00.5
345,30.3,67,604,27:05.4
346,30.3,67,578,27:10.5
347,30.3,67,592,27:15.4
348,30.3,67,602,27:20.6
349,30.3,66,624,27:25.5
350,30.3,66,592,27:30.6
351,30.3,66,590,27:35.6
352,30.3,66,623,27:40.7
353,30.3,66,608,27:45.7
354,30.3,66,584,27:50.7
355,30.3,67,609,27:55.7
356,30.3,67,565,28:00.7
357,30.3,67,610,28:05.7
358,30.3,67,571,28:10.8
359,30.3,67,605,28:15.9
360,30.3,67,578,28:21.7
361,30.3,67,615,28:25.9
362,30.4,67,576,28:30.9
363,30.4,67,588,28:35.9
364,30.4,67,560,28:41.0
365,30.4,66,582,28:45.9
366,30.4,66,611,28:51.0
367,30.4,66,605,28:56.0
368,30.4,66,592,29:01.0
369,30.4,66,587,29:06.5
370,30.4,66,578,29:11.0
371,30.4,66,561,29:16.2
372,30.4,66,577,29:21.1
373,30.4,66,593,29:26.2
374,30.4,66,585,29:31.2
375,30.4,66,586,29:36.3
376,30.4,66,579,29:41.3
377,30.4,66,605,29:46.2
378,30.4,66,598,29:51.3
379,30.4,66,592,29:56.3
380,30.4,66,595,30:01.3
381,30.4,66,594,30:06.4
382,30.4,66,578,30:11.4
383,30.4,66,586,30:16.5
384,30.4,66,598,30:21.5
385,30.4,66,612,30:26.5
386,30.5,66,587,30:31.4
387,30.5,66,585,30:36.6
388,30.5,66,579,30:41.6
389,30.5,66,598,30:46.6
390,30.5,66,597,30:51.6
391,30.5,66,583,30:56.6
392,30.5,66,591,31:01.7
393,30.5,66,510,31:06.8
394,30.5,66,545,31:11.8
395,30.5,66,611,31:16.7
396,30.5,66,593,31:21.8
397,30.5,66,592,31:26.8
398,30.5,66,605,31:31.8
399,30.5,66,580,31:36.8
400,30.4,66,587,31:41.9
401,30.4,66,591,31:46.9
402,30.4,66,625,31:51.9
403,30.5,66,602,31:57.1
404,30.5,66,597,32:02.0
405,30.5,66,585,32:06.9
406,30.5,66,583,32:12.0
407,30.5,66,576,32:17.0
408,30.5,66,591,32:22.1
409,30.5,66,587,32:27.1
410,30.5,65,588,32:32.2
411,30.5,65,587,32:37.2
412,30.5,65,598,32:42.2
413,30.5,65,587,32:47.2
414,30.5,65,618,32:52.3
415,30.5,65,599,32:57.2
416,30.5,65,585,33:02.2
417,30.5,65,591,33:07.2
418,30.5,65,586,33:12.4
419,30.5,65,582,33:17.4
420,30.5,65,575,33:23.5
421,30.5,65,610,33:27.5
422,30.5,64,538,33:32.4
423,30.5,64,557,33:37.5
424,30.5,64,560,33:42.7
425,30.5,65,607,33:47.5
426,30.5,65,545,33:52.6
427,30.5,65,644,33:57.5
428,30.5,65,574,34:02.6
429,30.5,65,561,34:07.6
430,30.5,64,543,34:12.6
431,30.5,64,607,34:17.6
432,30.5,64,558,34:22.8
433,30.5,64,528,34:27.8
434,30.6,65,567,34:32.7
435,30.6,65,573,34:37.8
436,30.6,65,560,34:42.8
437,30.6,66,663,34:47.8
438,30.7,67,590,34:53.0
439,30.8,68,608,34:57.9
440,30.9,69,546,35:02.8
441,31,69,663,35:07.9
442,31.1,69,646,35:13.0
443,31.3,69,631,35:17.9
444,31.4,69,617,35:23.2
445,31.4,69,531,35:28.0
446,31.5,68,607,35:33.1
447,31.5,66,554,35:38.1
448,31.5,65,603,35:43.2
449,31.4,64,681,35:48.1
450,31.4,64,554,35:53.1
451,31.4,63,560,35:58.2
452,31.3,63,587,36:03.7
453,31.2,63,591,36:08.2
454,31.2,63,657,36:13.2
455,31.1,63,599,36:18.4
456,31.1,63,642,36:23.5
457,31,63,585,36:28.4
458,31,63,635,36:33.4
459,30.9,63,578,36:38.4
460,30.9,63,641,36:43.4
461,30.9,64,651,36:48.4
462,30.8,64,547,36:54.2
463,30.8,64,574,36:58.6
464,30.8,64,623,37:03.6
465,30.7,64,678,37:08.6
466,30.7,64,559,37:13.9
467,30.7,64,575,37:18.7
468,30.7,64,560,37:23.6
469,30.7,64,576,37:28.8
470,30.7,64,582,37:33.9
471,30.7,64,544,37:38.7
472,30.6,64,626,37:43.7
473,30.6,64,588,37:48.7
474,30.6,64,619,37:53.9
475,30.6,64,576,37:58.8
476,30.6,64,622,38:03.8
477,30.6,64,613,38:08.8
478,30.6,64,609,38:13.9
479,30.6,64,574,38:18.9
480,30.6,65,592,38:25.3
481,30.6,65,627,38:29.0
482,30.6,65,630,38:33.9
483,30.6,65,563,38:39.0
484,30.6,65,557,38:44.1
485,30.6,65,593,38:49.1
486,30.6,65,583,38:54.2
487,30.5,65,592,38:59.1
488,30.5,65,560,39:04.2
489,30.5,65,607,39:09.1
490,30.5,65,607,39:14.1
491,30.5,65,653,39:19.3
492,30.5,65,583,39:24.3
493,30.5,65,593,39:29.3
494,30.5,65,648,39:34.4
495,30.5,65,578,39:39.3
496,30.5,66,644,39:44.3
497,30.5,66,591,39:49.4
498,30.5,66,594,39:54.4
499,30.5,66,640,39:59.5
500,30.5,66,668,40:04.5
501,30.4,66,633,40:09.5
502,30.4,66,695,40:14.5
503,30.4,66,701,40:19.5
504,30.4,66,695,40:24.5
505,30.4,66,707,40:29.7
506,30.4,67,695,40:34.6
507,30.4,67,650,40:39.7
508,30.4,67,638,40:44.7
509,30.4,67,681,40:49.7
510,30.4,67,592,40:54.7
511,30.4,67,624,40:59.7
512,30.4,67,592,41:04.7
513,30.4,67,672,41:09.9
514,30.4,67,675,41:14.9
515,30.4,67,577,41:19.9
516,30.4,67,620,41:24.8
517,30.4,67,602,41:30.0
518,30.4,67,620,41:34.9
519,30.4,67,662,41:39.9
520,30.4,67,655,41:45.0
521,30.4,67,592,41:50.1
522,30.4,67,581,42:45.8
523,30.4,67,631,42:50.3
524,30.4,67,560,42:55.3
525,30.4,67,672,43:00.4
526,30.4,67,593,43:05.6
527,30.4,67,610,43:10.6
528,30.4,67,647,43:15.4
529,30.4,67,571,43:20.7
530,30.4,67,554,43:25.6
531,30.4,67,572,43:30.6
532,30.4,67,590,43:35.5
533,30.4,67,614,43:40.8
534,30.4,67,575,43:45.7
535,30.4,67,640,43:50.6
536,30.4,67,642,43:55.7
537,30.4,67,640,44:00.7
538,30.4,67,563,44:06.1
539,30.4,67,602,44:10.8
540,30.4,67,662,44:15.9
541,30.3,67,493,44:20.8
542,30.3,66,627,44:25.9
543,30.3,66,566,44:30.9
544,30.3,66,650,44:36.0
545,30.3,66,625,44:41.0
546,30.3,66,631,44:46.0
547,30.3,66,595,44:50.9
548,30.3,67,573,44:56.0
549,30.3,67,569,45:01.0
550,30.3,67,645,45:06.1
551,30.3,67,626,45:11.2
552,30.3,67,638,45:16.1
553,30.3,68,606,45:21.1
554,30.3,68,610,45:26.2
555,30.3,68,544,45:31.2
556,30.3,68,633,45:36.2
557,30.3,68,555,45:41.2
558,30.3,68,560,45:46.3
559,30.3,68,639,45:51.3
560,30.3,68,601,45:56.3
561,30.3,68,587,46:01.6
562,30.3,68,608,46:06.3
563,30.3,68,593,46:11.4
564,30.3,68,599,46:16.4
565,30.3,68,609,46:21.4
566,30.3,68,607,46:26.5
567,30.3,68,526,46:31.5
568,30.3,68,589,46:36.6
569,30.3,68,579,46:41.6
570,30.3,68,603,46:46.7
571,30.3,68,593,46:51.7
572,30.3,68,620,46:56.7
573,30.3,68,573,47:01.6
574,30.3,68,582,47:06.6
575,30.3,68,605,47:11.8
576,30.3,68,622,47:16.8
577,30.3,68,623,47:22.4
578,30.3,68,564,47:26.8
579,30.3,68,543,47:31.9
580,30.3,68,547,47:36.9
581,30.3,68,635,47:41.9
582,30.3,68,592,47:47.8
583,30.3,68,593,47:51.9
584,30.3,68,639,47:56.9
585,30.3,68,589,48:02.0
586,30.3,68,585,48:07.0
587,30.3,68,592,48:12.0
588,30.3,68,580,48:17.1
589,30.3,68,528,48:22.2
590,30.3,68,592,48:27.1
591,30.3,68,615,48:32.1
592,30.3,68,576,48:37.2
593,30.3,68,529,48:42.2
594,30.3,68,532,48:47.2
595,30.3,68,565,48:52.2
596,30.3,68,585,48:57.2
597,30.3,68,605,49:02.4
598,30.3,68,534,49:07.3
599,30.3,68,530,49:12.3
600,30.3,68,587,49:17.4
601,30.3,68,533,49:22.4
602,30.3,69,562,49:27.4
603,30.3,69,576,49:32.5
604,30.3,69,552,49:37.5
605,30.3,68,554,49:42.5
606,30.3,68,592,49:47.5
607,30.3,68,560,49:52.5
608,30.3,68,621,49:57.6
609,30.3,68,479,50:02.7
610,30.3,68,564,50:07.6
611,30.3,68,555,50:12.7
612,30.3,68,570,50:17.6
613,30.3,68,526,50:22.7
614,30.3,68,609,50:27.9
615,30.3,68,608,50:32.8
616,30.3,68,576,50:37.8
617,30.3,68,603,50:42.7
618,30.3,68,589,50:47.9
619,30.3,68,576,50:52.8
620,30.3,68,595,50:58.0
621,30.3,68,589,51:03.0
622,30.3,68,603,51:08.0
623,30.3,68,599,51:13.0
624,30.3,68,528,51:18.0
625,30.3,68,587,51:23.0
626,30.4,68,592,51:29.2
627,30.4,69,543,51:33.2
628,30.4,69,564,51:38.2
629,30.4,69,566,51:43.2
630,30.4,69,559,51:48.1
631,30.4,69,583,51:53.3
632,30.4,69,555,51:58.2
633,30.4,69,541,52:03.3
634,30.4,69,511,52:08.3
635,30.4,69,593,52:13.4
636,30.4,69,571,52:18.4
637,30.4,69,609,52:23.3
638,30.4,69,511,52:28.4
639,30.3,69,511,52:33.5
640,30.3,69,511,52:38.4
641,30.3,69,567,52:43.4
642,30.3,69,531,52:49.8
643,30.3,69,575,52:53.4
644,30.3,69,559,52:58.6
645,30.3,69,626,53:03.5
646,30.3,69,580,53:08.6
647,30.3,69,533,53:13.7
648,30.3,69,511,53:18.6
649,30.3,69,545,53:23.7
650,30.3,69,619,53:28.7
651,30.3,69,629,53:33.8
652,30.3,68,528,53:38.7
653,30.3,68,623,53:43.8
654,30.3,68,560,53:48.7
655,30.3,68,628,53:53.8
656,30.3,68,597,53:58.8
657,30.3,68,554,54:03.9
658,30.3,68,602,54:08.8
659,30.3,68,558,54:13.9
660,30.3,68,565,54:19.0
661,30.3,68,535,54:24.0
662,30.3,68,605,54:29.0
663,30.3,68,617,54:34.0
664,30.3,68,592,54:39.1
665,30.3,69,585,54:44.3
666,30.3,69,608,54:49.1
667,30.3,69,592,54:54.1
668,30.3,69,566,54:59.3
669,30.4,69,617,55:04.1
670,30.4,69,566,55:09.1
671,30.4,69,538,55:14.3
672,30.4,69,607,55:19.3
673,30.4,69,550,55:24.4
674,30.4,69,593,55:29.3
675,30.4,68,569,55:34.3
676,30.4,68,597,55:39.5
677,30.4,68,622,55:44.4
678,30.4,68,603,55:49.4
679,30.4,68,550,55:54.4
680,30.4,68,578,55:59.6
681,30.4,68,606,56:04.6
682,30.4,69,528,56:09.6
683,30.4,69,609,56:14.5
684,30.4,69,582,56:19.6
685,30.4,69,624,56:24.6
686,30.4,69,554,56:29.6
687,30.4,69,528,56:34.7
688,30.4,69,602,56:39.7
689,30.4,69,570,56:44.7
690,30.4,69,511,56:49.7
691,30.4,69,594,56:54.7
692,30.4,69,528,56:59.9
693,30.4,69,589,57:04.9
694,30.4,69,597,57:09.8
695,30.4,69,500,57:14.9
696,30.4,69,570,57:20.1
697,30.4,69,505,57:24.9
698,30.4,69,667,57:30.1
699,30.4,69,610,57:35.0
700,30.4,69,537,57:40.2
701,30.3,69,580,57:45.0
702,30.3,69,592,57:51.5
703,30.3,70,576,57:55.1
704,30.3,70,590,58:00.2
705,30.3,70,585,58:05.1
706,30.3,70,554,58:10.1
707,30.3,70,569,58:15.2
708,30.3,70,646,58:20.2
709,30.3,69,606,58:25.3
710,30.3,69,532,58:30.3
711,30.3,69,560,58:35.3
712,30.4,69,543,58:40.3
713,30.4,69,589,58:45.4
714,30.4,69,560,58:50.5
715,30.4,69,511,58:55.3
716,30.4,69,575,59:00.4
717,30.4,69,543,59:05.5
718,30.4,69,509,59:10.6
719,30.4,69,566,59:15.5
720,30.4,69,554,59:20.5
721,30.4,69,564,59:25.6
722,30.4,69,544,59:30.6
723,30.4,69,557,59:35.6
724,30.4,69,546,59:40.7
725,30.4,69,550,59:45.7
726,30.4,69,529,59:50.6
727,30.4,69,497,59:55.7
728,30.4,69,530,00:00.7
729,30.4,69,567,00:05.7
730,30.4,69,553,00:10.7
731,30.4,69,560,00:15.9
732,30.4,69,565,00:20.9
733,30.4,69,555,00:25.9
734,30.4,69,543,00:30.9
735,30.4,69,526,00:36.2
736,30.4,69,527,00:41.1
737,30.4,69,549,00:45.9
738,30.4,69,553,00:50.9
739,30.4,69,563,00:56.1
740,30.4,69,583,01:01.0
741,30.4,69,547,01:06.1
742,30.4,69,549,01:11.1
743,30.4,69,543,01:16.2
744,30.4,69,511,01:21.1
745,30.4,69,542,01:26.3
746,30.4,69,525,01:31.2
747,30.4,69,565,01:36.7
748,30.4,69,566,01:41.5
749,30.4,69,563,01:46.2
750,30.4,69,564,01:51.4
751,30.4,69,571,01:56.3
752,30.4,68,528,02:01.3
753,30.4,68,575,02:06.3
754,30.4,68,579,02:11.5
755,30.4,67,553,02:16.5
756,30.4,67,551,02:21.5
757,30.4,67,531,02:26.5
758,30.4,67,532,02:31.6
759,30.4,68,534,02:36.6
760,30.4,68,592,02:41.6
761,30.4,68,530,02:46.6
762,30.4,68,587,02:52.9
763,30.4,68,550,02:56.7
764,30.4,68,582,03:01.6
765,30.4,68,566,03:06.6
766,30.4,68,494,03:11.8
767,30.4,68,572,03:16.8
768,30.4,68,511,03:21.9
769,30.4,68,565,03:27.0
770,30.4,68,507,03:31.8
771,30.4,68,573,03:36.9
772,30.4,68,555,03:41.9
773,30.4,68,561,03:46.9
774,30.4,68,592,03:51.9
775,30.4,68,543,03:56.9
776,30.4,68,577,04:02.2
777,30.4,68,535,04:07.0
778,30.4,68,528,04:12.0
779,30.4,68,592,04:17.1
780,30.4,68,579,04:22.1
781,30.4,68,584,04:27.1
782,30.4,68,576,04:32.1
783,30.4,69,530,04:37.3
784,30.4,69,582,04:42.1
785,30.4,69,511,04:47.2
786,30.4,69,573,04:52.3
787,30.4,69,566,04:57.3
788,30.4,69,561,05:02.3
789,30.4,69,533,05:07.4
790,30.4,69,538,05:12.4
791,30.4,69,575,05:17.8
792,30.4,69,571,05:22.4
793,30.4,69,576,05:27.4
794,30.4,69,533,05:32.5
795,30.4,69,543,05:37.6
796,30.4,69,539,05:42.5
797,30.4,69,535,05:47.6
798,30.4,69,559,05:52.5
799,30.4,68,569,05:57.6
800,30.4,68,560,06:02.6
801,30.4,68,596,06:07.7
802,30.4,68,589,06:12.6
803,30.4,68,534,06:17.6
804,30.4,68,528,06:22.7
805,30.4,68,539,06:28.0
806,30.4,68,546,06:32.8
807,30.4,68,532,06:37.8
808,30.4,68,571,06:42.8
809,30.4,68,592,06:48.0
810,30.4,68,537,06:52.8
811,30.4,68,535,06:57.9
812,30.4,68,581,07:03.0
813,30.4,68,565,07:08.3
814,30.4,69,586,07:12.9
815,30.4,69,579,07:18.1
816,30.4,69,570,07:23.1
817,30.4,69,579,07:28.1
818,30.4,69,533,07:33.1
819,30.4,69,570,07:38.1
820,30.4,69,581,07:43.1
821,30.4,69,666,07:48.1
822,30.4,69,624,07:54.4
823,30.4,69,567,07:58.2
824,30.4,69,573,08:03.2
825,30.4,69,590,08:08.2
826,30.4,69,626,08:13.3
827,30.4,68,576,08:18.3
828,30.4,68,625,08:23.5
829,30.4,68,634,08:28.4
830,30.4,68,623,08:33.5
831,30.4,68,610,08:38.4
832,30.4,68,575,08:43.8
833,30.4,68,587,08:54.7
834,30.4,68,561,08:55.7
835,30.4,68,479,08:58.6
836,30.4,68,577,09:03.5
837,30.4,68,511,09:08.6
838,30.4,68,624,09:13.6
839,30.4,69,637,09:18.8
840,30.4,69,601,09:23.6
841,30.4,69,610,09:28.7
842,30.4,69,618,09:33.7
843,30.5,69,630,09:38.8
844,30.5,69,640,09:43.9
845,30.5,69,658,09:48.8
846,30.5,69,576,09:53.9
847,30.4,69,619,09:59.0
848,30.4,69,589,10:03.8
849,30.4,69,609,10:08.9
850,30.4,69,617,10:14.1
851,30.4,69,528,10:19.1
852,30.4,69,542,10:24.0
853,30.4,68,673,10:29.0
854,30.4,68,634,10:34.0
855,30.5,68,592,10:39.0
856,30.5,68,640,10:44.1
857,30.5,68,719,10:49.3
858,30.5,68,491,10:54.1
859,30.5,68,803,10:59.1
860,30.5,68,354,11:04.2
861,30.4,68,503,11:09.2
862,30.4,68,691,11:14.3
863,30.4,68,719,11:19.2
864,30.4,68,541,11:24.4
865,30.4,69,546,11:29.3
866,30.5,69,643,11:34.3
867,30.5,69,574,11:39.4
868,30.5,69,499,11:44.4
869,30.5,69,592,11:49.4
870,30.5,71,647,11:54.6
871,30.5,72,677,11:59.6
872,30.5,74,479,12:04.6
873,30.5,75,526,12:09.7
874,30.4,76,633,12:14.5
875,30.4,76,679,12:19.5
876,30.4,76,636,12:24.6
877,30.4,74,657,12:29.6
878,30.4,73,526,12:34.6
879,30.3,72,550,12:39.7
880,30.3,71,566,12:44.7
881,30.3,71,605,12:49.9
882,30.3,70,528,12:56.0
883,30.3,70,511,12:59.7
884,30.3,70,606,13:04.7
885,30.3,70,622,13:09.7
886,30.3,69,579,13:14.8
887,30.3,69,656,13:19.8
888,30.3,69,655,13:24.9
889,30.4,69,663,13:29.9
890,30.4,69,465,13:34.9
891,30.4,69,615,13:40.0
892,30.4,69,619,13:45.0
893,30.4,69,625,13:50.0
894,30.4,69,618,13:55.0
895,30.4,69,759,14:00.1
896,30.4,69,752,14:05.1
897,30.4,69,786,14:10.1
898,30.4,69,647,14:15.2
899,30.4,69,581,14:20.1
900,30.4,69,454,14:25.2
901,30.4,69,592,14:30.2
902,30.4,69,528,14:35.2
903,30.4,69,741,14:40.3
904,30.4,69,709,14:45.3
905,30.4,69,582,14:50.3
906,30.4,69,694,14:55.3
907,30.4,68,752,15:00.3
908,30.4,68,542,15:05.4
909,30.4,68,759,15:10.4
910,30.4,68,483,15:15.4
911,30.4,68,714,15:20.5
912,30.4,68,718,15:25.5
913,30.4,68,527,15:30.5
914,30.4,68,688,15:35.5
915,30.4,68,635,15:40.5
916,30.4,68,454,15:45.6
917,30.4,68,390,15:50.6
918,30.4,68,486,15:55.6
919,30.4,68,701,16:00.7
920,30.4,68,618,16:05.7
921,30.4,68,607,16:10.7
922,30.4,68,653,16:15.7
923,30.3,67,596,16:20.8
924,30.3,67,466,16:25.8
925,30.3,67,640,16:30.8
926,30.3,67,616,16:35.8
927,30.3,67,621,16:41.0
928,30.3,67,450,16:45.9
929,30.3,67,740,16:50.9
930,30.3,67,451,16:55.9
931,30.3,67,446,17:01.0
932,30.3,67,464,17:06.0
933,30.3,67,704,17:11.0
934,30.4,67,496,17:16.1
935,30.4,67,752,17:21.1
936,30.4,67,704,17:26.2
937,30.4,67,555,17:31.2
938,30.4,68,751,17:36.1
939,30.4,68,479,17:41.2
940,30.4,67,474,17:46.3
941,30.4,67,714,17:51.2
942,30.4,67,709,17:56.7
943,30.4,66,717,18:01.3
944,30.4,66,634,18:06.3
945,30.4,66,706,18:11.3
946,30.4,66,784,18:16.4
947,30.4,66,639,18:21.4
948,30.4,66,564,18:26.5
949,30.4,67,789,18:31.5
950,30.4,67,587,18:36.5
951,30.4,67,667,18:41.5
952,30.4,67,528,18:46.6
953,30.4,67,608,18:51.5
954,30.4,67,717,18:56.6
955,30.4,67,614,19:01.7
956,30.4,66,467,19:06.9
957,30.4,66,457,19:11.7
958,30.4,66,454,19:16.7
959,30.4,67,478,19:21.8
960,30.4,67,631,19:26.8
961,30.4,67,671,19:31.8
962,30.4,67,405,19:36.9
963,30.4,67,479,19:41.8
964,30.4,67,763,19:46.9
965,30.4,67,691,19:51.9
966,30.4,66,720,19:56.9
967,30.4,66,535,20:01.9
968,30.4,66,709,20:06.9
969,30.4,66,701,20:12.0
970,30.4,66,569,20:17.0
971,30.4,67,499,20:22.0
972,30.4,67,637,20:27.1
973,30.4,67,565,20:32.1
974,30.4,67,773,20:37.1
975,30.4,67,755,20:42.2
976,30.4,67,525,20:47.2
977,30.4,66,538,20:52.2
978,30.4,66,703,20:57.3
979,30.4,65,560,21:02.2
980,30.4,65,464,21:07.2
981,30.4,65,775,21:12.4
982,30.4,66,528,21:17.3
983,30.4,66,496,21:22.4
984,30.4,66,786,21:27.4
985,30.4,67,784,21:32.5
986,30.4,67,528,21:37.4
987,30.4,68,542,21:42.5
988,30.4,68,680,21:47.5
989,30.5,68,571,21:52.5
990,30.5,68,801,21:57.6
991,30.5,68,446,22:02.6
992,30.5,68,785,22:07.5
993,30.5,68,573,22:12.6
994,30.5,68,542,22:17.6
995,30.5,68,551,22:22.7
996,30.5,68,624,22:27.8
997,30.5,68,625,22:32.7
998,30.5,68,715,22:37.8
999,30.5,68,458,22:42.8
1000,30.5,68,455,22:47.8
1001,30.5,68,681,22:53.0
1002,30.5,68,484,22:58.3
1003,30.5,68,688,23:02.9
1004,30.5,68,596,23:07.9
1005,30.5,68,657,23:12.9
1006,30.5,68,693,23:18.0
1007,30.5,68,651,23:23.0
1008,30.5,68,615,23:28.0
1009,30.5,68,594,23:33.1
1010,30.5,68,704,23:38.0
1011,30.5,68,560,23:43.1
1012,30.5,68,450,23:48.2
1013,30.5,68,694,23:53.1
1014,30.5,68,528,23:58.2
1015,30.5,68,717,24:03.2
1016,30.5,68,490,24:08.2
1017,30.5,68,656,24:13.3
1018,30.5,68,539,24:18.3
1019,30.5,68,592,24:23.3
1020,30.5,68,637,24:28.3
1021,30.5,68,565,24:33.3
1022,30.5,68,575,24:38.4
1023,30.5,68,617,24:43.4
1024,30.5,68,559,24:48.5
1025,30.5,68,575,24:53.4
1026,30.5,68,654,24:58.5
1027,30.5,68,576,25:03.5
1028,30.5,68,613,25:08.5
1029,30.5,68,646,25:13.5
1030,30.5,68,565,25:18.7
1031,30.4,68,659,25:23.6
1032,30.4,68,741,25:28.6
1033,30.4,68,565,25:33.7
1034,30.4,68,490,25:38.7
1035,30.4,68,622,25:43.7
1036,30.4,68,684,25:48.8
1037,30.4,68,701,25:53.9
1038,30.4,68,703,25:58.8
1039,30.4,68,672,26:03.8
1040,30.4,68,682,26:08.8
1041,30.4,68,474,26:13.8
1042,30.4,68,559,26:18.9
1043,30.4,68,548,26:23.9
1044,30.4,68,526,26:28.9
1045,30.4,68,676,26:34.0
1046,30.4,68,771,26:39.0
1047,30.4,68,576,26:44.0
1048,30.4,68,450,26:49.1
1049,30.4,68,735,26:54.1
1050,30.4,68,630,26:59.1
1051,30.4,67,534,27:04.1
1052,30.4,67,583,27:09.1
1053,30.4,67,528,27:14.2
1054,30.4,67,571,27:19.6
1055,30.4,67,582,27:24.2
1056,30.5,67,591,27:29.3
1057,30.5,68,645,27:34.3
1058,30.5,68,656,27:39.3
1059,30.5,68,607,27:44.3
1060,30.5,68,499,27:49.3
1061,30.5,68,637,27:54.4
1062,30.5,68,615,27:59.9
1063,30.4,68,506,28:04.5
1064,30.4,68,671,28:09.5
1065,30.4,68,658,28:14.5
1066,30.4,68,702,28:19.5
1067,30.4,68,484,28:24.5
1068,30.4,68,577,28:29.6
1069,30.5,67,547,28:34.6
1070,30.5,67,496,28:39.6
1071,30.4,66,733,28:44.6
1072,30.4,66,565,28:49.7
1073,30.4,66,734,28:54.7
1074,30.4,66,725,28:59.7
1075,30.4,66,454,29:04.8
1076,30.4,67,735,29:09.8
1077,30.4,67,450,29:14.8
1078,30.4,67,765,29:19.9
1079,30.4,67,695,29:24.9
1080,30.4,68,596,29:29.9
1081,30.5,68,688,29:35.0
1082,30.5,68,437,29:39.9
1083,30.5,68,433,29:44.9
1084,30.5,68,657,29:50.0
1085,30.5,68,419,29:55.0
1086,30.5,67,733,30:00.0
1087,30.5,67,743,30:05.1
1088,30.5,67,458,30:10.1
1089,30.5,67,656,30:15.1
1090,30.5,67,533,30:20.2
1091,30.5,67,560,30:25.2
1092,30.5,67,659,30:30.2
1093,30.5,67,560,30:35.3
1094,30.5,67,434,30:40.2
1095,30.5,67,597,30:45.3
1096,30.5,66,595,30:50.4
1097,30.5,66,624,30:55.3
1098,30.5,66,496,31:00.4
1099,30.5,66,734,31:05.4
1100,30.5,67,661,31:10.4
1101,30.5,67,688,31:15.4
1102,30.5,67,573,31:20.5
1103,30.5,67,511,31:25.5
1104,30.5,67,510,31:30.5
1105,30.5,67,658,31:35.6
1106,30.5,67,535,31:40.6
1107,30.5,67,593,31:45.6
1108,30.5,67,661,31:50.7
1109,30.5,66,551,31:55.6
1110,30.5,66,595,32:00.6
1111,30.5,66,647,32:05.7
1112,30.5,66,485,32:10.8
1113,30.5,67,720,32:15.8
1114,30.5,67,721,32:20.7
1115,30.5,67,610,32:25.9
1116,30.5,67,703,32:30.8
1117,30.5,68,643,32:35.8
1118,30.5,68,658,32:40.9
1119,30.5,68,575,32:46.1
1120,30.5,68,635,32:50.9
1121,30.5,68,635,32:55.9
1122,30.5,68,562,33:01.5
1123,30.5,68,629,33:06.0
1124,30.5,68,669,33:11.5
1125,30.5,68,573,33:16.1
1126,30.5,68,430,33:21.1
1127,30.5,68,641,33:26.1
1128,30.5,68,546,33:31.1
1129,30.5,68,687,33:36.2
1130,30.5,68,506,33:41.2
1131,30.5,68,641,33:46.2
1132,30.5,68,653,33:51.2
1133,30.5,68,667,33:56.3
1134,30.5,68,564,34:01.3
1135,30.5,68,737,34:06.3
1136,30.5,68,496,34:11.4
1137,30.5,68,581,34:16.3
1138,30.5,68,702,34:21.4
1139,30.5,68,629,34:26.4
1140,30.5,68,666,34:31.5
1141,30.5,68,673,34:36.5
1142,30.5,68,705,34:41.5
1143,30.5,68,459,34:46.6
1144,30.5,68,684,34:51.7
1145,30.5,68,607,34:56.6
1146,30.5,68,637,35:01.6
1147,30.5,68,592,35:06.7
1148,30.4,68,618,35:11.8
1149,30.4,68,404,35:16.7
1150,30.4,68,511,35:21.8
1151,30.4,68,725,35:26.7
1152,30.4,68,585,35:31.8
1153,30.4,68,479,35:36.8
1154,30.4,68,675,35:41.8
1155,30.4,68,667,35:46.9
1156,30.4,68,712,35:51.9
1157,30.4,68,682,35:56.9
1158,30.4,68,494,36:02.0
1159,30.5,68,667,36:06.9
1160,30.5,68,641,36:12.0
1161,30.5,68,587,36:17.0
1162,30.5,68,687,36:22.0
1163,30.5,68,459,36:27.1
1164,30.5,68,527,36:32.1
1165,30.5,67,653,36:37.2
1166,30.5,67,635,36:42.2
1167,30.5,67,595,36:47.3
1168,30.5,67,687,36:52.2
1169,30.5,67,699,36:57.2
1170,30.5,67,663,37:02.3
1171,30.5,67,646,37:07.3
1172,30.5,67,629,37:12.3
1173,30.5,67,496,37:17.3
1174,30.5,68,711,37:22.3
1175,30.5,68,645,37:27.4
1176,30.5,68,533,37:32.4
1177,30.5,68,591,37:37.4
1178,30.5,68,583,37:42.4
1179,30.5,68,501,37:47.5
1180,30.5,68,607,37:52.6
1181,30.5,68,576,37:57.5
1182,30.5,68,661,38:03.2
1183,30.5,68,481,38:07.6
1184,30.5,68,709,38:12.6
1185,30.5,67,497,38:17.6
1186,30.5,67,703,38:22.7
1187,30.5,67,764,38:27.7
1188,30.5,67,567,38:32.7
1189,30.5,67,711,38:37.8
1190,30.5,67,527,38:42.7
1191,30.6,67,718,38:47.8
1192,30.6,67,695,38:52.9
1193,30.6,67,692,38:57.8
1194,30.6,67,586,39:02.9
1195,30.6,67,677,39:07.9
1196,30.6,67,699,39:12.9
1197,30.6,67,511,39:17.9
1198,30.6,67,601,39:23.0
1199,30.6,67,677,39:28.0
1200,30.6,67,681,39:33.0
1201,30.6,66,528,39:38.1
1202,30.6,66,603,39:43.1
1203,30.6,66,672,39:48.2
1204,30.6,66,609,39:53.3
1205,30.6,66,597,39:58.1
1206,30.6,66,595,40:03.2
1207,30.6,66,439,40:08.2
1208,30.6,65,506,40:13.2
1209,30.6,65,547,40:18.2
1210,30.6,65,489,40:23.3
1211,30.6,65,740,40:28.3
1212,30.6,65,677,40:33.3
1213,30.6,66,586,40:38.4
1214,30.6,66,559,40:43.4
1215,30.6,66,565,40:48.4
1216,30.6,66,562,40:53.4
1217,30.6,66,510,40:58.5
1218,30.6,66,572,41:03.5
1219,30.6,66,667,41:08.5
1220,30.6,67,637,41:13.6
1221,30.6,67,538,41:18.6
1222,30.7,67,639,41:23.6
1223,30.7,67,511,41:28.7
1224,30.7,67,621,41:33.6
1225,30.7,67,621,41:38.7
1226,30.7,67,558,41:43.8
1227,30.7,67,688,41:48.7
1228,30.7,67,567,41:53.8
1229,30.8,67,615,41:58.9
1230,30.8,67,580,42:03.8
1231,30.8,67,507,42:08.8
1232,30.8,67,490,42:13.8
1233,30.8,67,677,42:18.9
1234,30.8,67,657,42:23.9
1235,30.8,67,725,42:28.9
1236,30.9,67,605,42:34.0
1237,30.9,67,466,42:39.0
1238,30.9,68,613,42:44.0
1239,30.9,68,458,42:49.0
1240,30.9,68,592,42:54.1
1241,30.9,68,695,42:59.1
1242,30.9,68,431,43:04.6
1243,30.9,68,720,43:09.2
1244,30.9,68,496,43:14.2
1245,30.9,68,483,43:19.2
1246,30.9,68,505,43:24.3
1247,30.9,68,457,43:29.3
1248,30.9,68,549,43:34.3
1249,30.9,68,675,43:39.4
1250,30.9,68,580,43:44.3
1251,30.9,69,442,43:49.4
1252,30.9,69,511,43:54.4
1253,30.9,69,577,43:59.6
1254,30.9,69,489,44:04.5
1255,30.9,69,606,44:09.4
1256,30.9,69,629,44:14.6
1257,30.9,68,511,44:19.6
1258,30.9,68,453,44:24.5
1259,30.9,68,498,44:29.5
1260,30.9,68,475,44:34.6
1261,31,68,636,44:39.6
1262,31,68,566,44:44.6
1263,31,68,539,44:49.7
1264,31,68,660,44:54.7
1265,31,68,536,44:59.7
1266,31,68,478,45:04.8
1267,31,68,657,45:09.8
1268,31,68,578,45:14.8
1269,31,68,657,45:19.9
1270,31,68,695,45:24.9
1271,31,68,676,45:29.9
1272,31,68,435,45:35.0
1273,31,68,733,45:40.0
1274,31,67,579,45:45.0
1275,31,67,670,45:50.1
1276,31,67,651,45:55.1
1277,31,67,688,46:00.1
1278,31,67,643,46:05.2
1279,31,67,625,46:10.1
1280,31,67,615,46:15.1
1281,31,67,689,46:20.2
1282,31,67,618,46:25.3
1283,31,67,603,46:30.3
1284,31,67,605,46:35.3
1285,31,67,660,46:40.3
1286,31,67,599,46:45.3
1287,31,67,646,46:51.2
1288,31,67,560,46:55.3
1289,31,67,659,47:00.4
1290,31,67,592,47:05.6
1291,31,66,487,47:10.6
1292,31,66,528,47:15.4
1293,31,67,630,47:20.5
1294,31,67,649,47:25.5
1295,31,67,592,47:30.5
1296,31,67,635,47:35.6
1297,31,67,505,47:40.7
1298,31,67,656,47:45.6
1299,31,67,491,47:50.7
1300,31,67,639,47:55.6
1301,31,67,527,48:00.7
1302,31,67,626,48:06.4
1303,31.1,67,558,48:10.8
1304,31.1,67,706,48:15.7
1305,31.1,67,477,48:20.8
1306,31.1,67,694,48:25.9
1307,31.1,67,689,48:30.8
1308,31.1,67,531,48:35.8
1309,31.1,67,662,48:40.9
1310,31.1,67,650,48:45.9
1311,31.1,67,672,48:51.0
1312,31.1,67,678,48:55.9
1313,31.1,67,644,49:00.9
1314,31.1,67,656,49:06.0
1315,31.1,67,476,49:11.1
1316,31.1,67,666,49:16.0
1317,31.1,67,683,49:21.2
1318,31.1,67,606,49:26.1
1319,31.1,67,666,49:31.1
1320,31.1,67,658,49:36.1
1321,31.1,67,539,49:41.2
1322,31.1,67,569,49:46.2
1323,31.1,67,649,49:51.3
1324,31.1,67,637,49:56.4
1325,31.1,67,587,50:01.3
1326,31.1,67,528,50:06.4
1327,31.1,67,609,50:11.3
1328,31,67,553,50:16.4
1329,31,67,619,50:21.4
1330,31,67,642,50:26.4
1331,31,67,639,50:31.4
1332,31,67,474,50:36.6
1333,31,67,580,50:41.5
1334,31,67,624,50:46.5
1335,30.9,67,543,50:51.6
1336,30.9,67,590,50:56.6
1337,30.9,67,528,51:01.6
1338,30.9,67,528,51:06.6
1339,30.9,67,547,51:11.7
1340,30.9,67,563,51:16.7
1341,30.9,67,630,51:21.7
1342,30.9,67,649,51:26.7
1343,30.9,67,662,51:31.8
1344,30.9,67,511,51:36.8
1345,30.9,67,594,51:41.8
1346,30.9,67,640,51:46.9
1347,30.9,67,669,51:51.9
1348,30.9,67,655,51:56.9
1349,30.9,67,645,52:02.1
1350,30.8,67,496,52:06.9
1351,30.8,67,621,52:12.0
1352,30.8,67,593,52:17.0
1353,30.8,67,562,52:22.1
1354,30.8,67,688,52:27.0
1355,30.8,67,607,52:32.1
1356,30.8,67,651,52:37.2
1357,30.8,67,544,52:42.1
1358,30.9,67,622,52:47.1
1359,30.9,67,507,52:52.2
1360,30.9,67,595,52:57.2
1361,30.9,67,497,53:02.4
1362,30.9,67,464,53:08.3
1363,30.9,67,566,53:12.4
1364,30.9,67,561,53:17.3
1365,30.9,67,639,53:22.4
1366,30.9,67,670,53:27.5
1367,30.9,67,630,53:32.4
1368,30.9,67,654,53:37.5
1369,30.9,67,538,53:42.4
1370,30.9,67,531,53:47.5
1371,30.9,67,665,53:52.5
1372,30.9,67,507,53:57.5
1373,30.9,67,625,54:02.6
1374,30.9,67,682,54:07.6
1375,30.9,67,630,54:12.7
1376,30.9,67,554,54:17.7
1377,30.9,67,619,54:22.6
1378,30.9,67,425,54:27.7
1379,30.9,67,478,54:32.9
1380,30.9,67,652,54:37.8
1381,30.9,67,547,54:42.7
1382,30.9,67,715,54:47.9
1383,30.9,67,691,54:52.8
1384,30.9,67,481,54:57.9
1385,30.9,67,587,55:02.8
1386,30.9,67,668,55:07.9
1387,30.9,67,491,55:13.0
1388,30.9,67,450,55:17.9
1389,30.9,67,677,55:23.0
1390,30.9,67,663,55:28.0
1391,30.9,67,688,55:33.0
1392,30.9,67,569,55:38.2
1393,30.9,67,675,55:43.1
1394,30.9,67,530,55:48.2
1395,30.9,67,623,55:53.1
1396,30.9,67,655,55:58.2
1397,30.9,68,483,56:03.2
1398,30.9,68,650,56:08.2
1399,30.9,68,542,56:13.3
1400,30.9,68,633,56:18.3
1401,30.9,68,528,56:23.3
1402,30.9,68,670,56:28.3
1403,30.9,68,679,56:33.3
1404,30.9,68,494,56:38.4
1405,30.9,68,522,56:43.4
1406,30.9,68,546,56:48.4
1407,30.9,68,655,56:53.5
1408,30.9,68,511,56:58.6
1409,30.9,68,534,57:03.7
1410,30.9,68,546,57:08.5
1411,30.9,67,511,57:13.5
1412,30.9,67,571,57:18.6
1413,30.9,67,594,57:23.6
1414,31,67,510,57:28.6
1415,31,67,484,57:33.7
1416,31,67,550,57:38.7
1417,31,67,598,57:43.7
1418,31,67,579,57:48.8
1419,31,67,613,57:53.7
1420,31,67,599,57:58.8
1421,31.1,67,677,58:03.9
1422,31.1,67,659,58:09.3
1423,31.1,67,591,58:13.9
1424,31.1,67,526,58:18.9
1425,31.2,67,482,58:23.9
1426,30.6,73,269,23:34.8
1427,30.4,72,269,23:48.9
1428,30.1,71,276,24:04.9
1429,30.1,71,268,24:38.3
1430,30.1,71,267,24:53.6
1431,30.1,71,266,25:26.3
1432,30.1,71,266,25:42.1
1433,30.1,71,271,25:58.1
1434,30,71,265,26:35.0
1435,30,71,264,26:50.7
1436,29.9,72,265,27:06.3
1437,29.8,72,265,27:39.8
1438,29.8,72,265,27:55.2
1439,29.8,72,264,28:28.2
1440,31,74,214,48:29.7
1441,30.7,74,218,48:44.0
1442,29.9,73,229,52:10.8
1443,29.9,72,223,52:43.3
1444,30,72,222,52:58.8
1445,30.1,72,222,53:31.9
1446,30.1,72,222,53:46.9
1447,30.1,71,221,54:02.5
1448,30.1,71,221,54:18.2
1449,30.2,70,219,54:34.0
1450,30.2,70,220,54:49.3
1451,30.3,69,218,55:04.8
1452,30.3,69,224,55:20.6
1453,30.3,70,214,01:00.3
1454,30.2,70,210,01:14.3
1455,30.2,70,210,01:47.2
1456,30.2,70,209,02:02.9
1457,30.1,70,209,02:18.4
1458,30.1,70,208,02:34.0
1459,30.1,70,209,02:49.4
1460,30.2,70,210,03:22.7
1461,30.2,70,209,03:38.3
1462,30.2,70,209,03:56.1
1463,30.3,70,207,04:26.8
1464,30.3,70,208,04:42.1
1465,30.3,69,207,05:14.8
1466,30.3,69,206,05:30.4
1467,30.3,69,208,05:45.9
1468,30.3,69,204,06:03.5
1469,30.3,68,207,06:17.2
1470,30.3,68,211,06:49.8
1471,30.3,68,212,07:05.6
1472,30.3,68,211,07:38.3
1473,30.3,68,210,07:53.7
1474,30.3,68,211,08:09.3
1475,30.3,67,217,08:26.4
1476,30.2,66,201,08:58.3
1477,30.2,67,204,10:49.5
1478,30.2,68,209,11:04.8
1479,30.3,68,206,11:38.6
1480,30.3,68,207,11:54.0
1481,30.3,69,205,12:26.5
1482,30.3,69,205,12:42.3
1483,30.3,70,206,12:57.6
1484,30.3,70,205,13:13.5
1485,30.4,70,206,13:46.7
1486,30.4,70,206,14:02.4
1487,30.4,69,204,14:34.9
1488,30.4,68,205,14:50.5
1489,30.4,68,204,15:23.2
1490,30.4,68,202,15:39.0
1491,30.4,68,204,16:12.8
1492,30.4,67,211,16:27.2
1493,30.4,67,209,16:59.8
1494,30.4,67,213,18:37.1
1495,30.4,66,210,19:09.1
1496,30.4,65,210,19:24.7
1497,30.4,65,209,19:57.2
1498,30.4,66,211,20:13.1
1499,30.4,67,206,20:45.5
1500,30.4,67,204,21:01.1
1501,30.4,68,199,21:33.7
1502,30.4,68,198,21:49.3
1503,30.4,68,199,22:04.8
1504,30.4,68,200,22:20.4
1505,30.4,68,202,22:36.0
1506,30.4,68,201,22:53.5
1507,30.4,69,201,23:24.6
1508,30.4,69,201,23:42.0
1509,30.4,69,208,23:56.2
1510,30.3,70,210,24:30.9
1511,30.3,70,210,24:49.1
1512,30.2,71,210,27:08.1
1513,30.2,71,218,27:23.7
1514,30.2,70,209,27:59.1
1515,30.2,70,212,28:14.5
1516,31.5,70,205,29:00.1
1517,31.5,70,207,29:14.5
1518,30.9,69,207,29:46.4
1519,30.6,69,208,30:01.6
1520,30.2,70,207,30:33.7
1521,30.2,70,207,30:48.9
1522,30.2,70,207,31:21.0
1523,30.2,70,206,31:36.5
1524,30.2,70,206,32:08.5
1525,30.2,70,206,32:23.8
1526,30.2,69,208,32:56.0
1527,30.2,69,209,33:11.3
1528,30.2,69,208,33:43.8
1529,30.2,70,206,33:59.0
1530,30.1,70,209,34:32.5
1531,30.1,71,243,34:46.9
1532,30.1,71,212,35:18.7
1533,30.1,70,213,35:34.0
1534,30.1,70,211,36:05.9
1535,30.1,70,210,36:21.1
1536,30.1,70,209,36:53.5
1537,30.1,70,209,37:08.7
1538,30.1,70,207,37:41.3
1539,30.1,70,207,37:56.7
1540,30.1,71,210,38:28.9
1541,30.1,71,209,38:44.2
1542,30.1,71,208,39:16.3
1543,30.1,71,207,39:31.5
1544,30.1,71,207,40:04.3
1545,30.1,71,207,40:18.9
1546,30.1,71,208,40:50.9
1547,30.1,71,207,41:06.2
1548,30.2,71,208,41:38.2
1549,30.2,71,206,41:53.5
1550,30.2,71,231,42:26.0
1551,30.2,71,234,42:41.1
1552,30.2,71,235,43:13.7
1553,30.2,71,230,43:29.1
1554,30.2,71,238,44:01.1
1555,30.2,71,235,44:16.5
1556,30.2,70,234,44:48.6
1557,30.2,70,234,45:03.8
1558,30.2,70,232,45:36.6
1559,30.2,70,235,45:51.2
1560,30.2,70,231,46:23.7
1561,30.2,70,231,46:39.1
1562,30.2,70,231,47:11.0
1563,30.2,70,238,47:26.3
1564,30.2,70,242,47:58.3
1565,30.2,70,237,48:13.7
1566,30.2,71,238,48:45.7
1567,30.2,71,236,49:01.0
1568,30.2,71,236,49:38.3
1569,30.2,70,242,49:55.1
1570,30.2,70,236,50:26.5
1571,30.2,70,237,50:42.3
1572,30.3,70,236,51:13.9
1573,30.3,70,235,51:29.2
1574,30.3,70,233,52:01.3
1575,30.3,70,235,52:16.7
1576,30.2,70,234,52:48.6
1577,30.2,70,235,53:04.0
1578,30.2,70,234,53:36.0
1579,30.2,70,235,53:51.3
1580,30.2,70,236,54:23.9
1581,30.2,70,231,54:39.1
1582,30.2,71,229,55:11.0
1583,30.2,71,228,55:26.4
1584,30.2,71,226,55:59.2
1585,30.2,71,228,56:13.6
1586,30.2,71,226,56:45.7
1587,30.2,71,226,57:01.0
1588,30.2,71,224,57:33.3
1589,30.3,71,225,57:48.6
1590,30.3,70,224,58:21.3
1591,30.3,70,225,58:36.1
1592,30.3,70,225,59:08.3
1593,30.4,70,226,59:24.1
1594,30.4,70,224,59:55.6
1595,30.4,70,223,00:10.9
1596,30.4,70,224,00:43.0
1597,30.5,69,224,00:58.1
1598,30.6,69,224,01:31.0
1599,30.6,69,226,01:45.4
1600,30.7,69,225,02:17.6
1601,30.7,69,225,02:32.9
1602,27.3,73,218,03:00.1
1603,26.5,88,334,03:56.2
1604,26.5,88,334,04:10.5
1605,26.6,88,313,04:25.9
1606,26.6,87,343,04:41.3
1607,26.6,87,344,04:56.5
1608,26.7,86,340,05:11.7
1609,26.7,86,336,05:26.8
1610,26.8,86,330,05:42.0
1611,26.8,86,326,05:57.1
1612,26.9,86,320,06:12.2
1613,26.9,87,316,06:27.4
1614,26.9,87,309,06:42.5
1615,26.9,87,306,06:57.8
1616,26.9,86,302,07:12.9
1617,27,86,297,07:27.8
1618,27,85,296,07:43.2
1619,27,85,291,07:58.4
1620,27,85,289,08:13.7
1621,27,84,286,08:28.7
1622,27,84,265,08:43.8
1623,27,83,264,08:59.6
1624,27,83,272,09:17.2
1625,27,83,264,09:30.0
1626,27,84,264,09:45.3
1627,27.1,84,264,10:00.2
1628,27.1,85,262,10:15.4
1629,27.2,85,260,10:30.7
1630,27.2,86,259,10:45.9
1631,27.3,86,259,11:00.9
1632,27.4,86,257,11:16.1
1633,27.5,86,256,11:31.2
1634,27.6,86,256,11:46.3
1635,27.7,87,254,12:01.7
1636,27.8,86,253,12:16.9
1637,27.8,86,253,12:31.9
1638,27.8,86,254,12:47.1
1639,27.7,86,253,13:02.3
1640,27.7,86,253,13:17.5
1641,27.6,85,252,13:32.5
1642,27.6,85,252,13:47.7
1643,27.6,85,250,14:03.2
1644,27.5,85,249,14:18.0
1645,27.5,85,247,14:33.2
1646,27.5,85,248,14:48.1
1647,27.5,85,248,15:03.3
1648,27.5,86,247,15:18.6
1649,27.5,86,247,15:33.7
1650,27.5,86,246,15:48.9
1651,27.5,86,246,16:03.8
1652,27.5,86,246,16:19.0
1653,27.4,86,247,16:34.2
1654,27.4,86,246,16:49.3
1655,27.4,87,245,17:04.5
1656,27.4,87,245,17:19.6
1657,27.4,86,244,17:34.8
1658,27.4,86,243,17:49.9
1659,27.4,85,243,18:05.0
1660,27.4,85,242,18:20.3
1661,27.4,85,242,18:35.4
1662,27.4,85,242,18:50.3
1663,27.4,86,242,19:05.9
1664,27.4,86,242,19:20.6
1665,27.5,87,240,19:35.8
1666,27.5,87,240,19:51.0
1667,27.5,88,240,20:06.1
1668,27.5,88,240,20:21.0
1669,27.5,88,236,20:36.2
1670,27.5,88,237,20:51.7
1671,27.5,87,237,21:06.6
1672,27.5,87,236,21:21.7
1673,27.4,86,237,21:37.0
1674,27.4,86,236,21:52.1
1675,27.4,85,236,22:07.3
1676,27.4,85,236,22:22.4
1677,27.4,84,212,22:37.5
1678,27.4,84,209,22:52.7
1679,27.4,84,209,23:08.0
1680,27.4,84,210,23:23.2
1681,27.4,85,210,23:38.5
1682,27.5,85,211,23:53.4
1683,27.5,86,213,24:09.2
1684,27.5,86,213,24:23.7
1685,27.5,86,212,24:38.8
1686,27.6,87,213,24:54.1
1687,27.6,87,212,25:09.1
1688,27.6,87,213,25:24.2
1689,27.7,87,213,25:39.4
1690,27.8,87,211,25:54.5
1691,27.8,87,213,26:09.6
1692,27.9,87,213,26:24.9
1693,27.9,86,213,26:40.0
1694,27.9,86,213,26:55.1
1695,28,86,214,27:10.3
1696,28,85,212,27:25.4
1697,28,85,212,27:40.6
1698,28,85,212,27:55.8
1699,28,85,213,28:10.9
1700,28,85,213,28:26.1
1701,28,85,213,28:41.2
1702,28,85,213,28:56.4
1703,28,85,213,29:11.8
1704,28,85,212,29:26.5
1705,28,85,212,29:41.9
1706,28,85,213,29:56.8
1707,28.1,85,213,30:12.0
1708,28.1,85,213,30:27.2
1709,28.1,85,213,30:42.3
1710,28.1,84,220,30:57.6
1711,28.1,84,214,31:12.6
1712,28.1,84,214,31:27.8
1713,28.1,84,214,31:43.0
1714,28.1,84,213,31:58.1
1715,28.1,84,213,32:13.3
1716,28.1,84,213,32:28.5
1717,28.1,84,213,32:43.7
1718,28.1,83,212,32:59.1
1719,28.1,83,213,33:14.2
1720,28.2,83,211,33:29.4
